{
    "exact": 39.627726775035796,
    "f1": 43.78738115412455,
    "total": 11873,
    "HasAns_exact": 79.16666666666667,
    "HasAns_f1": 87.4979042582525,
    "HasAns_total": 5928,
    "NoAns_exact": 0.20185029436501262,
    "NoAns_f1": 0.20185029436501262,
    "NoAns_total": 5945,
    "best_exact": 50.11370336056599,
    "best_exact_thresh": 0.0,
    "best_f1": 50.11370336056599,
    "best_f1_thresh": 0.0
}
